text,badge_color,final_score,model_cred,heur_score,heur_tips,prob_toxic,prob_severe_toxic,prob_obscene,prob_threat,prob_insult,prob_identity_hate,pred_toxic,pred_severe_toxic,pred_obscene,pred_threat,pred_insult,pred_identity_hate
"People who become administrators or higher sometimes have a fixation with constantly working, and fear that not working will lead to ruin. It‚Äôs often a projection of their personal insecurities.",yellow,0.698185471445322,0.99740781635046,0.0,,0.0025921836495399475,9.105046046897769e-05,0.00018524605548009276,0.00011993696534773335,0.00027664253138937056,0.00018058106070384383,0,0,0,0,0,0
"Yeah, they are desperate to justify their paychecks. Ironically, the obsession with constant academic instruction in elementary a) kills kids' intrinsic enjoyment of learning, and b) pushes out the foundational skills--getting along with others, fine motor skills, following directions, solving problems, gross motor skills, frustration and failure tolerance--that allow kids to excel academically are best learned organically.",yellow,0.6971174279227852,0.9958820398896933,0.0,,0.00411796011030674,9.127535304287449e-05,0.0002877481165342033,0.00010941840446321294,0.0003419824060983956,0.00019318130216561258,0,0,0,0,0,0
THIS. A solid chunk of my kindergarten experience was the craft-type stuff from OP's PARTY!,yellow,0.6995610884681809,0.9993729835259728,0.0,,0.0006270164740271866,0.0001198772806674242,0.00018842877761926502,0.00011786534741986543,0.0001779309823177755,0.00013481819769367576,0,0,0,0,0,0
"I can't believe OP included crafts in the description of their illicit party. Crafts touch on *so many* important topics for kindergartens:

- promoting creativity and independence
- improving fine motor skills/ manipulation of small objects
- understanding responsible use/consumption of shared group resources/supplies (including turn taking and sharing)
- using office supplies including scissors, glue, and tape
- fostering interest in the arts 
- supporting and reinforcing ""academic"" topics, by presenting them in a different way
- providing another area where children can be and feel successful (especially for those students struggling in other academic areas, special needs students, English language learners, etc)
- being a fun and often more relaxing activity that breaks up long periods of instruction and allows kids to optimize learning 


I could go on all day.",yellow,0.6995510530483443,0.9993586472119205,0.0,,0.00064135278807953,0.0001191609917441383,0.0001732688251649961,0.00012123781198170036,0.00018243896192871034,0.0001451480493415147,0,0,0,0,0,0
"what‚Äôs crazy is because our curriculum doesn‚Äôt allow for crafts, I didn‚Äôt realize how weak my kinders fine motor skills are.
They could barely cut or didn‚Äôt want to even try cutting any of the stuff for the crafts. I pushed them so hard and they did it. I was super proud!",yellow,0.6979466517921536,0.9970666454173625,0.0,,0.0029333545826375484,0.0001065721589839086,0.00024615327129140496,0.00013003616186324507,0.0002927296736743301,0.00020884923287667334,0,0,0,0,0,0
"Hi, I‚Äôm just popping in from r/all and *what do you mean a kindergarten curriculum doesn‚Äôt allow for crafts???* If I‚Äôm remembering kindergarten at all, we did like 99% crafts that taught letters and numbers. What are your kindergarteners expected to do all day, read out of textbooks?",yellow,0.6986897992901504,0.9981282847002149,0.0,Repeated punctuation.,0.0018717152997851372,8.819124195724726e-05,0.0001953220198629424,9.916946874000132e-05,0.00022206777066458017,0.00014880158414598554,0,0,0,0,0,0
Yeah. Me too. It's depressing as hell,yellow,0.4971057325601577,0.7101510465145111,0.0,,0.2898489534854889,0.0006662646774202585,0.03598741069436073,0.000532103527802974,0.005125418305397034,0.0005834950716234744,0,0,0,0,0,0
"A lot of my Kindergarten experience was crafts and I hated it.  I wanted to be learning in school, not making hand-turkeys for Thanksgiving.  You don't speak for everyone.",yellow,0.6978963299654424,0.9969947570934892,0.0,,0.00300524290651083,9.210369898937643e-05,0.00024656669120304286,0.0001096604173653759,0.00024497046251781285,0.00017562363063916564,0,0,0,0,0,0
This is such a strange and frankly pretty rude response.,yellow,0.6657942876219749,0.9511346966028214,0.0,,0.04886530339717865,0.0002578783023636788,0.0033161037135869265,0.00017493756604380906,0.0018206293461844325,0.0003622619842644781,0,0,0,0,0,0
And makes passionate creative teachers leave the profession.,yellow,0.699200358078815,0.9988576543983072,0.0,,0.0011423456016927958,0.00010003890929510817,0.0001697289408184588,0.00010919669875875115,0.00020044666598550975,0.00014910312893334776,0,0,0,0,0,0
"They also have an unreasonably narrow view of learning ‚Äî usually limited to just things that are tested in a standardized way or at least traditional academic subjects.¬†

I‚Äôve said before my college students in a technical field could have used more time practicing arts and crafts as kids because it shows up as odd weaknesses in coordination when doing mechanical tasks as adults. ¬†No youre never going to be able to measure whether that q tip skeleton was the reason a kid is able to solve a spatial problem in a lab 15 years down the road but that doesn‚Äôt mean it didn‚Äôt matter.¬†

Also, as other commenters mentioned, it‚Äôs fun stuff like parties that help kids form community and enjoy going to school.¬†",yellow,0.6992208082578144,0.998886868939735,0.0,,0.0011131310602650046,9.828433394432068e-05,0.00017350724374409765,0.00011364543024683371,0.00020049979502800852,0.00014510970504488796,0,0,0,0,0,0
"If they can't put it in a graph, they aren't interested.",yellow,0.6995268522587139,0.9993240746553056,0.0,,0.0006759253446944058,0.0001198299796669744,0.0001758622529450804,0.0001245515450136736,0.0001777546276571229,0.00014221484889276326,0,0,0,0,0,0
The bureaucratic model of education is dehumanizing and disconnected from reality.,yellow,0.6990648467442951,0.9986640667775646,0.0,,0.0013359332224354148,0.00010067750554298982,0.00016144155233632773,0.00010732264490798116,0.0002126879116985947,0.00017127746832557023,0,0,0,0,0,0
"High school. One of the things I do in my ""assessment cycle"" and ""data collection"" is pay close attention to the kids' vibes. Sometimes less is more. Sometimes, some unstructured time is just what's needed. Sometimes, you have to push harder. That they want us to always just do it one way is actually unprofessional.",yellow,0.6994979785464238,0.9992828264948912,0.0,,0.0007171735051088035,0.00011423332762205973,0.00017628715431783348,0.00011398470087442547,0.0001831951376516372,0.000141584052471444,0,0,0,0,0,0
"But if a kid is a disciple issue, administrators will ask if you spent time trying to connect with the students.

One day we have a speaker come in who was paid who knows how much money to tell us that we should be sharing personal experiences and learning from the students to connect with them. This approach is meant to improve mental health as well as increase effort in academics. The next week, I get a letter in my file for not being on topic and discussing topics that aren‚Äôt a part of the curriculum. 

Teachers in my district are so afraid these days of getting in trouble because of how parents and administrators feel that day.",yellow,0.6993950313946697,0.9991357591352426,0.0,,0.0008642408647574484,0.00011039800301659852,0.00016517991025466472,0.00012201589561300352,0.00019567209528759122,0.00015036652621347457,0,0,0,0,0,0
"haha the exact thing happened to me, so don't feel bad. For each student that 'you're not teaching enough', there's a student who says 'you talked to me about something important when nobody else did'. (Also, numerous research studies support the idea of better student-teacher relationships leading to higher academic success and general well-being. It is the entire first section of the literature review of my dissertation. Sharing personal stories and teaching content are both ways to support those relationships; they're not mutually exclusive, so our districts were wrong.)",yellow,0.6994266977126244,0.9991809967323206,0.0,,0.0008190032676793635,0.00010814677079906687,0.0001803800550987944,0.00011215396079933271,0.00017348589608445764,0.00013625041174236685,0,0,0,0,0,0
"Thank you!

I am lucky that my side hustle is bartending on the weekends. The kids don‚Äôt know but they get a funny surprise when they see me. It feels pretty good to hear them talk about how much they enjoyed my class and always tell stories that had nothing to do with the curriculum but always appreciated what a good role model I was and how I made their day a little enjoyable.",yellow,0.6995975827449001,0.9994251182070002,0.0,,0.000574881792999804,0.00013046999811194837,0.0001811727852327749,0.00014253606786951423,0.0001768120564520359,0.00014419920626096427,0,0,0,0,0,0
"Shit like that is why I teach toddlers. I would hate not having any autonomy.  I have a basic curriculum outline, but I do that is about 15 minutes a day. 

I focus more on things like walking, sitting at the table to eat, saying new words, following basic directions, and learning how to cope with being upset. 

Funny thing is. I have teacher friends to tell me their 5th graders need to come re-learn some of that.",red,0.30656046271324155,0.4379435181617737,0.0,,0.5620564818382263,0.0038901581428945065,0.523064136505127,0.0009007336921058595,0.04073623567819595,0.0017274611163884401,1,0,1,0,0,0
I teach high school biology and some never learned to not pick their nose in class.,yellow,0.6687816958874464,0.955402422696352,0.0,,0.044597577303647995,0.00011893157352460548,0.0009974464774131775,0.00018487479246687144,0.002103117760270834,0.00045156109263189137,0,0,0,0,0,0
More schooling has never equalled more education,yellow,0.6988287320127711,0.9983267600182444,0.0,,0.0016732399817556143,9.320270328316838e-05,0.0001732268719933927,0.00010747380292741582,0.00019893904391210526,0.00017336006567347795,0,0,0,0,0,0
"I wish I worked with administrators like that. Most of the admin I have worked with considered their jobs to be sitting back and delegating their work to the people below them, then taking credit for that work.",yellow,0.6995305897900834,0.9993294139858335,0.0,,0.0006705860141664743,0.00011748249380616471,0.00017487617151346058,0.00012959969171788543,0.00018767855362966657,0.00013822311302646995,0,0,0,0,0,0
Ya don‚Äôt change your style this sounds like a nice event !,yellow,0.6991137181175873,0.9987338830251247,0.0,,0.001266116974875331,9.740058158058673e-05,0.00017819245113059878,0.00011208180512767285,0.00018919607100542635,0.00014540209667757154,0,0,0,0,0,0
Doing crafts is learning.,yellow,0.6994071320747025,0.9991530458210036,0.0,,0.0008469541789963841,0.00010951045987894759,0.0001656296954024583,0.0001122251051128842,0.0001864926452981308,0.0001524295803392306,0,0,0,0,0,0
This should have been her argument. Being a bullshit artist is a skill most people don‚Äôt understand. Calmly respond with ‚Äúoh sorry the party was only for the last 20 minutes. We spent the first 40 doing SEL crafts related to Halloween though so i do understand how you could have thought it was all part of the party. Next time I will detail it more thoroughly beforehand so there isn‚Äôt a mix up!‚Äù,red,0.3414821565151214,0.48783165216445923,0.0,,0.4309229552745819,0.003996504936367273,0.5121683478355408,0.0010121173691004515,0.06220180541276932,0.0021260727662593126,0,0,1,0,0,0
"I wish I had an award to give to this comment. But, as it is, take my upvote.",yellow,0.6995626397256274,0.9993751996080391,0.0,,0.0006248003919608891,0.000126521015772596,0.00019142363453283906,0.00012277287896722555,0.00017914305499289185,0.00014265652862377465,0,0,0,0,0,0
That's all I remember doing in kindergarten? Crafts and singing songs and running around pretending to be she-ra. In senior kindergarten they found out I could read so they made me do some work but ü§∑‚Äç‚ôÄÔ∏è,yellow,0.698426875169389,0.9977526788134128,0.0,,0.0022473211865872145,8.97320278454572e-05,0.00019892955606337637,0.00010896183084696531,0.00025517179165035486,0.0001658770488575101,0,0,0,0,0,0
Very much so,yellow,0.6994141347357071,0.9991630496224388,0.0,,0.000836950377561152,0.00011433184408815578,0.00018883273878600448,0.00011009103764081374,0.00018010784697253257,0.00014658732106909156,0,0,0,0,0,0
If you're creative you can find a standard to connect to anything.,yellow,0.6995540365052875,0.9993629092932679,0.0,,0.0006370907067321241,0.00012490763037931174,0.00016842794138938189,0.00013847099035046995,0.00017951428890228271,0.0001459267077734694,0,0,0,0,0,0
Absolutely yes!  Social/Emotional Learning is an easy go-to for this!,yellow,0.699449566740077,0.9992136667715386,0.0,,0.0007863332284614444,0.00010953229502774775,0.00016943029186222702,0.00012019767018500715,0.00018072902457788587,0.00013844801287632436,0,0,0,0,0,0
My school is one of the shitty schools that uses a scripted curriculum and were not supposed to do anything outside of it. üò≠,red,0.05162709951400757,0.0737529993057251,0.0,,0.9262470006942749,0.015181411989033222,0.8327227830886841,0.0010859398171305656,0.1509602963924408,0.001978460466489196,1,0,1,0,0,0
"Then that's the crux of the matter right there. Heaven forbid if you have a kid with a great question that leads to a teachable moment. Heaven forbid if you find a better way to teach a concept than what is in the scripted curriculum. 

Scripted curricula don't require teachers of any particular knowledge or skill level. They're often instituted because of some warped concept of parity: if we don't teach kids the exact same material in the precise same way in the same span of time, then learning isn't equitable, this idiot concept says. Kids aren't widgets on an assembly line. They have varying needs, skills, abilities, and interests. 

There's another reason for instituting this curricula: it doesn't require teachers of any particular knowledge, education, or skill level. This allows districts and states to hire people who have none of those things and who will work for minimum wage. It's easy! All you have to do is read and babysit! /s",yellow,0.666036107763648,0.9514801539480686,0.0,1 profane term(s).,0.04851984605193138,0.0001657203829381615,0.002410714980214834,0.00028099401970393956,0.002631064737215638,0.0005555145908147097,0,0,0,0,0,0
"Well maybe your kids are just so amazing that you really charged through the script, in completion of course, and you, being the amazing teacher that you are, were able to keep them calm, working, and happy with your quick thinking skills to have them work on a craft to enhance their fine motor skills, supplementing your handwriting curriculum, as well as knowing that your students need extra support in these fine motor skills, so you had an amazing group of volunteers come in to assist you. 

But for real- the ‚Äòlast 30 mins‚Äô crowd doesn‚Äôt know that kindergartners are a hot mess at party time and it takes time. The people doing walk-throughs the last hour of Halloween are a bunch of jerks. The people who set your school to a scripted curriculum are out of touch. 

But the people who came into your class and experienced that marvelous time with you and your babies? You made an amazing connection with them and they saw you as a real human who cares for their precious little ones. And your babies made a core memory to take on with them in their sea of scripted awfulness for the rest of their educational life. 

Maybe your parents can do some good trouble and start some pushback on the scripted curriculum when they find out that their kids aren‚Äôt allowed to have time to not be educational robots. 

Sending big hugs from another kinder teacher. These are the worst times, but I‚Äôm glad they have you to love on them in spite of all the awful!",yellow,0.6994359099538996,0.9991941570769995,0.0,,0.0008058429230004549,0.00011564366286620498,0.0001652016508160159,0.0001279955031350255,0.00020709354430437088,0.00014986141468398273,0,0,0,0,0,0
This is so sweet! üò≠ü©∑Thank you!,red,0.2544778287410736,0.36353975534439087,0.0,,0.6364602446556091,0.0010287772165611386,0.08468586206436157,0.0007127889548428357,0.04754655435681343,0.0010107894195243716,1,0,0,0,0,0
Same :(,yellow,0.6994921321980655,0.999274474568665,0.0,,0.0007255254313349724,0.0001130201417254284,0.00018689531134441495,0.00011264292697887868,0.00017972818750422448,0.00013691930507775396,0,0,0,0,0,0
I tell people this all the time!,yellow,0.699478738300968,0.9992553404299542,0.0,,0.0007446595700457692,0.00011546901077963412,0.00018631313287187368,0.00011642149183899164,0.00016943077207542956,0.0001350852253381163,0,0,0,0,0,0
Tbh bat puppets and skeletons with q tips sound like there is opportunity for something to connect to a Kinder standard or curriculum. I‚Äôd just write them down in case anyone asks how it was relevant to learningüòÇ,yellow,0.6994510678807273,0.9992158112581819,0.0,,0.0007841887418180704,0.00010985739208990708,0.00017833641322795302,0.00011917600204469636,0.00018466389155946672,0.0001419108739355579,0,0,0,0,0,0
"In kindergarten you call it fine motor, SEL, and science and move on! I teach first grade and you best believe we are doing the same thing.",yellow,0.6989113239222206,0.9984447484603152,0.0,,0.001555251539684832,9.127927478402853e-05,0.0001626669109100476,0.00010725471656769514,0.00023321145272348076,0.00015662203077226877,0,0,0,0,0,0
"We know so much about child development and we know how important play is for growing competent adults. I learned about it back in like 2002 before I ever started my path in education.

I don‚Äôt know who we need to convince that instruction in K-3 needs to be scaled back for more play, skill, and behavior development.",yellow,0.6995476967305876,0.999353852472268,0.0,,0.000646147527731955,0.00012044573668390512,0.0001671451609581709,0.00013080821372568607,0.00017985333397518843,0.00014697614824399352,0,0,0,0,0,0
"Even as a music educator, we are taught that one of the best applications of musical learning for ages birth through 9 is with play.",yellow,0.6992677354253828,0.9989539077505469,0.0,,0.0010460922494530678,0.00010299323912477121,0.00016610386956017464,0.00010688797192415223,0.00020577006216626614,0.00015185886877588928,0,0,0,0,0,0
Play based learning was literally the point of kindergarten when it was invented. I don't get the heavy push back against social emotional learning when literally almost every research study done in the last thirty years makes it clear it's the most important aspect of education.,yellow,0.6995274063956458,0.999324866279494,0.0,,0.0006751337205059826,0.00011460079258540645,0.00017150251369457692,0.00011763158545363694,0.00017688574735075235,0.00014284765347838402,0,0,0,0,0,0
"I would have been fired! My party last all day! We watched movies and I made hotdogs and gave out chips and cookies with juice. But, my admin also hosted a Halloween parade‚Ä¶ so he clearly was not worried about instruction yesterday.",yellow,0.6779172651469707,0.9684532359242439,0.0,,0.03154676407575607,0.0001226861641043797,0.0008723126957193017,0.00029127366724424064,0.0010111635783687234,0.00029788236133754253,0,0,0,0,0,0
"My school is the opposite. Direct Instruction is supposedly a horrible thing, and everything we do should be immersive, interactive, hands-on, engaging, and fun.",yellow,0.6990537752513774,0.9986482503591105,0.0,,0.0013517496408894658,0.00010742226731963456,0.0001784764026524499,0.00011781165085267276,0.00021646353707183152,0.0001749155344441533,0,0,0,0,0,0
"For children of kindergarten age, almost everything actually should be immersive, hands-on, engaging, and fun. These are very young children, not trained scholars.",yellow,0.6988674228312447,0.998382032616064,0.0,,0.0016179673839360476,9.604341175872833e-05,0.00015896600962150842,0.00010202873818343505,0.0002698444586712867,0.00017155321256723255,0,0,0,0,0,0
"It should also not be a full day, in 1985 for me it was a half day, we had a morning group and an afternoon group.",yellow,0.6995649810764006,0.9993785443948582,0.0,,0.0006214556051418185,0.00012233744200784713,0.0001796278083929792,0.00012605365191120654,0.00018048482888843864,0.00014096115774009377,0,0,0,0,0,0
"Yes, a full day is asking far too much of a five year old. Unfortunately, we've become accustomed to the unwise practice of separating babies from their parent all day. We tolerate this unfortunate situation because our culture values the economic productivity of parents more than we value children.",yellow,0.6941530319862067,0.991647188551724,0.0,,0.008352811448276043,0.00010002765338867903,0.0003121506597381085,0.0001184538341476582,0.0006224538665264845,0.0002871712204068899,0,0,0,0,0,0
Parents can't afford to pay a daycare/babysitter for half a day 5 days a week. There are a lot fewer stay at home parents than there were in 1985.,yellow,0.6968206282705068,0.9954580403864384,0.0,,0.00454195961356163,9.115027933148667e-05,0.0002743892546277493,0.0001099027504096739,0.00034935015719383955,0.00019368517678231,0,0,0,0,0,0
I view days before breaks and major holidays as relationship building days. Me and my students chill and I learn way more about them because we can just chat instead of having to do our respective jobs. It's a huge part of my classroom management strategy and a pillar of my pedagogy. Kids work harder for you when you can let the facade down once in a while and show them that you're a normal person.,yellow,0.6970630781725049,0.9958043973892927,0.0,,0.004195602610707283,8.911899203667417e-05,0.00024486909387633204,0.00013524104724638164,0.00036003117565996945,0.00019607626018114388,0,0,0,0,0,0
"I‚Äôm an administrator at an elementary school.  All week long we had parents coming in to do classroom crafts.  Yesterday we did an ‚Äúassembly‚Äù at the start of the day where my job was to keep the students occupied while the entire staff got into inflatable costumes so they could parade around the gym.  Then I did my own solo ‚Äúparade‚Äù and visited classrooms in my inflatable costumes.  We ended the day with the school costume parade.  

Everyone in my school works super hard every single day to help students learn.  And that doesn‚Äôt mean we can‚Äôt still try to make elementary school fun when we can.",yellow,0.6995137718971818,0.9993053884245455,0.0,,0.0006946115754544735,0.00011544886365300044,0.00017096778901759535,0.00011893929331563413,0.0001825649378588423,0.00014480714162345976,0,0,0,0,0,0
"Motivation is a neglected factor in many schools. Getting kids excited about content leads to better long-term results. Bribery and punishment are better in the short term. Most metrics only look at the short term. State tests change so often that longitudinal data and construct validity aren‚Äôt measured. 

But yeah, tie the fun to standards. Open a bag of skittles and graph the colors, slap a math standard on the board, have them describe the flavor and call it sensory detail in writing.",yellow,0.6993831796280574,0.999118828040082,0.0,,0.0008811719599179924,0.00010479450429556891,0.00017114280490204692,0.00011470333265606314,0.0001826279767556116,0.00014204910257831216,0,0,0,0,0,0
"All I can tell you is it gets worse and worse as they progress through school. High school teacher here in a state takeover district and the pressure is relentless. They are to be driven, bell to bell, zero breaks, free time or finishing early. It‚Äôs brutal. I feel so bad for my students.",yellow,0.6942934933118522,0.9918478475883603,0.0,,0.00815215241163969,0.00011088036262663081,0.0003295756469015032,0.00014674145495519042,0.0004963639657944441,0.00030242305365391076,0,0,0,0,0,0
No wonder kids are anti-social weirdos now.,red,0.16723784804344177,0.2389112114906311,0.0,,0.7610887885093689,0.0017742908094078302,0.023275328800082207,0.0006957066361792386,0.29817742109298706,0.0234314426779747,1,0,0,0,0,0
Kindergarteners learn through play. Your activities sounded educational to me! I'm sure you could find standards to relate everything to if necessary.,yellow,0.6990044909645803,0.9985778442351148,0.0,,0.0014221557648852468,9.676459740148857e-05,0.00015685561811551452,0.00011703612835844979,0.00022945353703107685,0.00015750488091725856,0,0,0,0,0,0
My principal did an informal observation with one of my classes yesterday. Not only was it Halloween but it was also just 4 days before grades close. I was sitting at my desk grading while the kids (very loudly üò¨) did a handout and any missing work. I have no idea how long she was even in there before I noticed her. Why would she set me up like that‚Ä¶The day before I had done a killer lesson with them. Oh well üôÉ,yellow,0.6993833294895011,0.9991190421278588,0.0,,0.0008809578721411526,0.00010961703083012253,0.00017894877237267792,0.00011127947072964162,0.0001992530160350725,0.00013893521099817008,0,0,0,0,0,0
This is how I remember my childhood! Your students will remember it!,yellow,0.6992021468817256,0.9988602098310366,0.0,,0.0011397901689633727,0.00010147441207664087,0.00016460414917673916,0.00012011620128760114,0.00019117265765089542,0.00014403184468392283,0,0,0,0,0,0
"I'm secondary, but believe kids need more time to learn how to be kids in the early years, so they should definitely do that stuff and have more unstructured play time, too.


In high school, I'm not the fun teacher. Should they have some fun? Sure! But I don't think high schoolers need a whole blowoff day, so i give them something simple that still keeps the ball moving forward.


But I'm a bah humbug.",yellow,0.6777410391718148,0.9682014845311642,0.0,,0.03179851546883583,0.0002836777421180159,0.007515007629990578,0.0002654612762853503,0.002796643180772662,0.0004906429094262421,0,0,0,0,0,0
"Secondary here too. My freshmen are always like, ‚Äúare we having a Christmas party on the last day?‚Äù I have to inform them that we are not having a party because it‚Äôs finals week and we are having a‚Ä¶..final. I do usually bring some treats during the final though.",yellow,0.6994478972803335,0.999211281829048,0.0,,0.0007887181709520519,0.00010843445488717407,0.00016824589692987502,0.0001180779654532671,0.00017907201254274696,0.00013931315334048122,0,0,0,0,0,0
"Also secondary. Some of this makes me feel like a crazy person. I‚Äôm all for fun, but also please don‚Äôt pull my kids out of class the last 20 minutes of class for a surprise halloween fundraiser with less than a day‚Äôs notice. It‚Äôs quiz day!",yellow,0.6962258887477218,0.9946084124967456,0.0,,0.005391587503254414,9.584717190591618e-05,0.00034996168687939644,0.00011653822002699599,0.00035399702028371394,0.00018240034114569426,0,0,0,0,0,0
Do you want kids to like school or something? Get back to work!,yellow,0.6490728393197059,0.9272469133138657,0.0,,0.07275308668613434,0.00013138348003849387,0.0008039146778173745,0.00039682406350038946,0.0021570308599621058,0.0004989135777577758,0,0,0,0,0,0
"Celebrating a party IS instruction for k. It is teaching them social skills, etiquette, and cultural awareness.",yellow,0.699530944233993,0.9993299203342758,0.0,,0.0006700796657241881,0.00011972866195719689,0.0001705813774606213,0.00012778428208548576,0.0001838250464061275,0.00014327545068226755,0,0,0,0,0,0
"In the age of iPad babies, isnt it instructional to teach kids to use their hands? Making crafts is absolutely instructional. We need to raise kids to be confident with their hands. One of my friends is an art educator and sometimes kids try to refuse to hold scissors or fold paper in half because they've never done anything tactile in their life. Please teach these kids arts and crafts before they become a 20 year old who refuses to do the dishes.",yellow,0.6986323180142789,0.9980461685918272,0.0,,0.001953831408172846,9.13616459001787e-05,0.00018029529019258916,0.00010086326074087992,0.000274580525001511,0.00017518142703920603,0,0,0,0,0,0
Honestly your colleague may be warning you but is probably being too uptight. Admins usually love to see family engagement.,yellow,0.6975057211238891,0.9964367444626987,0.0,,0.003563255537301302,8.562847506254911e-05,0.00025490092230029404,0.00010298960842192173,0.00027995248092338443,0.0001722616725601256,0,0,0,0,0,0
You were teaching. You taught how to be at a party and act appropriately. You used fine motor skills for a craft. Etc etc.,yellow,0.6993638593587093,0.999091227655299,0.0,,0.0009087723447009921,0.00010701086284825578,0.00016625280841253698,0.00012409442570060492,0.00020782621868420392,0.0001398759486619383,0,0,0,0,0,0
"I graduated in the 90s but still have such fond memories of class parties. On Halloween my elementary school had a costume parade through the neighborhood in the morning and then the party was in the afternoon. It was something teachers, kids, and parents really got excited about.


Sure, learning is important but you have to let young kids enjoy being kids sometimes! Little kids aren't designed to sit still and listen for hours at a time. They are only little for a small window of time. Then comes middle, high school, then college if they are able/want to go, then 40+ years of work. Missing an hour of instruction, especially at that age, isn't going to cause any damage. It's *kindergarten*, ffs. When I was in kindergarten arts and crafts *were* considered instruction.¬†",yellow,0.6989116072654724,0.9984451532363892,0.0,,0.0015548467636108398,9.522566688247025e-05,0.00018047641788143665,0.00010195772483712062,0.00022646202705800533,0.00016255387163255364,0,0,0,0,0,0
"Unfortunately, it's the perception that public schools (teachers!) don't do any work. TV news stories about how far behind US students are push this idea that kids aren't doing anything in school. So admins are scared that kids will go home and tell their parents that ""all we did today was have a pizza party!""",yellow,0.6937138608656823,0.9910198012366891,0.0,,0.00898019876331091,9.939441224560142e-05,0.0003356106171850115,0.00015523024194408208,0.00047668558545410633,0.0002792447339743376,0,0,0,0,0,0
"Have the party anyway and call it social-emotional learning? I‚Äôm sure there‚Äôs a standard that can be applied.

Like, you‚Äôre literally teaching STEM by having students recreate the skeletal system and make bat puppets. Add in a re-enactment of echolocation and all of a sudden you‚Äôre using theater to teach biology.",yellow,0.6992854840238578,0.9989792628912255,0.0,,0.0010207371087744832,0.00010255604865960777,0.0001558225485496223,0.0001236745883943513,0.00019661035912577063,0.00015304448606912047,0,0,0,0,0,0
"When you are at work you are to be working the full 9 hours, no humanity is allowed. So say we all.",yellow,0.687689085304737,0.9824129790067673,0.0,,0.017587020993232727,0.00010799877782119438,0.00045154127292335033,0.0002656225406099111,0.0006942264153622091,0.00036329851718619466,0,0,0,0,0,0
"That sucks, when I was in school we had the entire day for holiday things...",red,0.061085468530654906,0.08726495504379272,0.0,Repeated punctuation.,0.9127350449562073,0.011649226769804955,0.7812774777412415,0.0009312153561040759,0.06536562740802765,0.0014197748387232423,1,0,1,0,0,0
"I would hate having that type of micromanaging, and I want to be trusted as a professional. If school is not funm then kids will not want to be there. When they are excited about school, they are engaged!",yellow,0.6986823814339004,0.9981176877627149,0.0,,0.0018823122372850776,9.815461817197502e-05,0.0001892915170174092,0.00012133830023230985,0.0002157166600227356,0.0001777863217284903,0,0,0,0,0,0
Window Dressing for insecure administrators. Fear among the ranks. Smile and plough ahead.,yellow,0.6908673572354018,0.9869533674791455,0.0,,0.013046632520854473,9.561675688019022e-05,0.0003405760508030653,0.00018413906218484044,0.0006352369673550129,0.00030458392575383186,0,0,0,0,0,0
"That's sad. I have very fond school memories of holidays where there was absolutely no work at all. Watching a Charlie Brown Christmas with all the lights off and shades down with crockpot hot chocolate a parent made; our entire grade doing a winter holiday session where we went to a different classroom every hour and did crafts and learned about Hannukah and Kwanzaa (still never met anyone who celebrates it) and went to the school's Christmas store; A Charlie Brown Thanksgiving with turkey crafts and cornucopias. 100th Day of School events, Halloween, Mother's Day, Father's Day‚Äîthose were all no-work or half-work days. Halloween always featured an all-school costume parade around the track. Plus basically only having social studies curriculum on public holidays which always had a lot of crafts. And that was all the way up to fifth grade.",yellow,0.6985253454651683,0.9978933506645262,0.0,,0.002106649335473776,9.790698095457628e-05,0.00027482700534164906,9.451424557482824e-05,0.00022624466510023922,0.00015390408225357533,0,0,0,0,0,0
"How **DARE YOU** show these **CHILDREN** what **FUN** is?!?!

Then how will they stay **CONPLACENT** when they enter the workforce?!

You, sir or ma'am, are a **MONSTER**!!!",red,0.015934985876083375,0.022764265537261963,0.0,Repeated punctuation.,0.977235734462738,0.00956027116626501,0.2718585729598999,0.002810434903949499,0.7706708908081055,0.009591303765773773,1,0,0,0,1,0
"Every year at my school my grade watched halloweentown for Halloween and had a class potluck. This year we had a new principal and she banned it because she thought it would increase behaviors and waste ‚Äòvaluable instruction time‚Äô. We would still have classes in the morning just shorter and then movie after lunch. We found it minimized behaviors in the morning when they knew fun time was coming. And guess what. This year we had so many behaviors on Halloween, more than we ever had before. Because we were trying to make them work all day with no acknowledge of the day. They got hopped up on sugar at lunch too a lot of them brought their own candy. So then they wouldn‚Äôt focus at all. 
The principal also didn‚Äôt trust us to follow her directions. She did random observations of every class to make sure we did nothing Halloween or fun.",yellow,0.698530481988564,0.9979006885550916,0.0,,0.0020993114449083805,0.00010323601600248367,0.0003119385219179094,9.936863352777436e-05,0.00023059970408212394,0.00015468886704184115,0,0,0,0,0,0
Is this why my teacher would give us bullshit assignments about the movie as a kid? Shoutout to her,red,0.041468614339828486,0.059240877628326416,0.0,,0.9407591223716736,0.019729575142264366,0.8639175891876221,0.0013768367934972048,0.1856069266796112,0.002200155984610319,1,0,1,0,0,0
I remember having fun movies in school.  Not necessarily on holiday themes either.  Lots of crafts all the time. Snacks (not all the time) at the end of the day.  Learn things that other cultures do at the same time of the year.,yellow,0.6995660833606961,0.9993801190867089,0.0,,0.0006198809132911265,0.00012066851195413619,0.00017635425319895148,0.00012304338451940566,0.00017602414300199598,0.00014132048818282783,0,0,0,0,0,0
"You didn't ""do crafts,"" you did very important, project-based lessons working on fine motor skills which are crucial for this age group. I see no stop in instruction here. Good for you.",yellow,0.6995873318635858,0.9994104740908369,0.0,,0.0005895259091630578,0.00012378784595057368,0.0001764778862707317,0.0001311691739829257,0.00018229393754154444,0.0001406933879479766,0,0,0,0,0,0
In kindergarten? What? That‚Äôs literally insane. They are supposed to play and enjoy school. Are admin robots? Don‚Äôt they read scientific literature? What are they doing? Seriously. It‚Äôs Halloween. Who cares.¬†,yellow,0.614864993840456,0.8783785626292229,0.0,,0.12162143737077713,0.00019555998733267188,0.002314884914085269,0.00027292061713524163,0.0038152385968714952,0.0008212117245420814,0,0,0,0,0,0
"It's crazy to read this when my corporate job had us stop multiple times throughout the day to join in on Halloween activities. We did a group trick-or-treating around different managers' offices while they handed out candies or treats. We also had our leadership group dressed up as baristas and made everyone‚Äôs coffee for the morning. Mind you, yesterday was our month-end, which is a crucial time for us to get our accounting straight for the month. A small break does not interfere with learning or even affect our ability to get the job done. Huge props to you for doing this for your students!",yellow,0.6987934175995179,0.9982763108564541,0.0,,0.0017236891435459256,9.30898095248267e-05,0.00021153833949938416,0.00010666599700925872,0.00022148269636090845,0.00014756593736819923,0,0,0,0,0,0
Just want to say that reading this you brought back some amazing memories from when I was in grade school. The holiday parties are some of my favorite memories from my childhood. Especially on holidays that my parents didn't normally celebrate or do anything for us on. I'm glad you did that for your class.,yellow,0.6995563767151907,0.9993662524502724,0.0,,0.0006337475497275591,0.0001206063898280263,0.00017349795962218195,0.00012576239532791078,0.0001742098102113232,0.00013927755935583264,0,0,0,0,0,0
I‚Äôm 29 and still vividly remember a conversation I had with my teacher in 4th grate (Mrs. Courter) during our Halloween party. Please keep doing what you are doing. One of my favorite school memories,yellow,0.6994771278405096,0.9992530397721566,0.0,,0.000746960227843374,0.00010986315464833751,0.00016672653146088123,0.00011327400716254488,0.00018101029854733497,0.0001386920630466193,0,0,0,0,0,0
"My kids school had zero instruction Friday. They did a school parade in the morning, and movies and parties the remainder of the day. (Fridays are early days so 8:35am - 1pm.)",yellow,0.6994543779932427,0.9992205399903469,0.0,,0.0007794600096531212,0.00010927960829576477,0.00017271297110710293,0.00011128796904813498,0.0001841998309828341,0.00013878665049560368,0,0,0,0,0,0
"I hope you get past your irritation. You did the right thing, f the admins and lead. You did good! Your kids are not jaded yet and you gave them an appropriate fun day.",yellow,0.6510478198528289,0.93006831407547,0.0,,0.06993168592453003,0.00018373709463048726,0.0011289329268038273,0.0010633760830387473,0.0036821842659264803,0.0006852744845673442,0,0,0,0,0,0
I would argue that it IS learning.  Crafts are an age-appropriate learning experience and sitting through an entire movie while following the plot is something that my middle schoolers struggle with because their brains have been rotted by watching only shorts on TikTok and YouTube. Anything longer than 3-5 minutes is ‚Äútoo long‚Äù for many of them!,yellow,0.6668225180357694,0.9526035971939564,0.0,,0.047396402806043625,0.000159472634550184,0.0012571956031024456,0.00020448157738428563,0.004996380768716335,0.000751422718167305,0,0,0,0,0,0
"First, get tenure (if your state has it - if not, work long enough to be able to bullshit connections between what you‚Äôre doing and something related to the curriculum or a district initiative). Once you have tenure and/or can bullshit like a seasoned vet, then write a plan for a ‚Äúfun‚Äù day, submit that shit, and go to town. If the lesson goes well, no one will question it given the student engagement. If it doesn‚Äôt, you make up some bullshit about life skills or whatever and that it didn‚Äôt work, but that teaching is all about you learning & growing, as well. I do at least 1-2 social emotional learning (SEL) days per marking period. No one‚Äôs ever questioned it, but if they did, I‚Äôd be sure to say something about classroom building, positive environment, and establishing rapport and connections between the students and each other, as well as with me. 


If none of that works, be creative. Consider the current unit of study, think about what the kids are into, and connect the two. Those days are good for the kids and good for you since they (hopefully) involve a little less work. If you try it and you really get pushback from your school, start applying elsewhere.",red,0.3933506268262863,0.5190723240375519,0.1,,0.4809276759624481,0.0033575640991330147,0.44975635409355164,0.0010465702507644892,0.07680738717317581,0.002371467649936676,0,0,0,0,0,0
We want kids to learn so the right course is to make them sit still and quiet (the opposite of what they need) and wonder why it's not working. Must take more away. /s,yellow,0.6993971983960363,0.9991388548514806,0.0,,0.0008611451485194266,0.00010927794210147113,0.0001559065276524052,0.00012100669118808582,0.0001902454678202048,0.00015284163237083703,0,0,0,0,0,0
"I'm not a teacher, but I work with kids, and both Thursday and Friday the kids were just not in a learning headspace. On Thursday afternoon I asked a kid a question about a social skills video we just watched, and he said ""Tomorrow is Halloween!""",yellow,0.6992746107978746,0.9989637297112495,0.0,,0.0010362702887505293,0.0001037382025970146,0.00018182210624217987,0.00010509231651667506,0.00019708539184648544,0.00014991671196185052,0,0,0,0,0,0
"Another irritating aspect of it is that there‚Äôs now this (very reasonable) push to prepare high school students for careers in the trades rather than just college and academics. How do administrators think kids are going to develop a passion for hands-on skills, building and fixing stuff, measuring and assembling? Those interests start in kindergarten and grade school.",yellow,0.6986035583075135,0.998005083296448,0.0,,0.0019949167035520077,9.085617784876376e-05,0.0001929066638695076,0.00010611036123009399,0.0002476566005498171,0.0001625996083021164,0,0,0,0,0,0
"My kids' school does this as a whole school on occasion for school celebrations, not holidays. Then the other classes don't feel left out.¬†",yellow,0.6994772651116363,0.9992532358737662,0.0,,0.0007467641262337565,0.00011254318087594584,0.0001719528081594035,0.00011297218588879332,0.00018447295587975532,0.00014014443149790168,0,0,0,0,0,0
"My Halloween half day our school had a fundraiser boo bash, yard games for PBIS, and instead of power hour we did a BOOks event. And kids wore costumes. We all had a blast and Monday we will come back and learn. You gotta find a better place to be. It's okay to have fun at school!",yellow,0.6957294019404798,0.993899145629257,0.0,,0.006100854370743036,0.00010238397953798994,0.0003397755208425224,0.00013800252054352313,0.00039869986358098686,0.00021958164870738983,0,0,0,0,0,0
"In the lower grades, you need to master the fine art of arguing that EVERYTHING is learning. You are giving students an opportunity to practice fine motor skills and creativity (with crafts), and students are learning and practicing to social skills needed to navigate the setting of a party. However, YMMV depending on admin, and you gotta be prepared to back up your words!",yellow,0.6991374623961746,0.9987678034231067,0.0,,0.0012321965768933296,9.850463538896292e-05,0.00015829548647161573,0.00011366201943019405,0.00021873995137866586,0.0001572569744894281,0,0,0,0,0,0
"Fellow kinder teacher here. Tell me why I was looking out my window during what was supposed to be my math centers, but instead I had them do Halloween brain breaks.. I stayed looking out my window incase admin came in, because I would‚Äôve gotten in trouble that they weren‚Äôt doing their math centers/ I didn‚Äôt have a small group pulled‚Ä¶ like these kids are tired of doing the same stuff every single day. Let them have a little fun.",yellow,0.6770431265234946,0.9672044664621353,0.0,,0.032795533537864685,0.00011918928794329986,0.0007363148615695536,0.00022019656898919493,0.00178014044649899,0.000421522039687261,0,0,0,0,0,0
"You're preparing these kids for real life, where they will be worked to death for the profit of the capitalist class. Where does fun factor into my yoy shareholder gains?",yellow,0.6836148736998439,0.9765926767140627,0.0,,0.02340732328593731,0.00020888786821160465,0.00043782935244962573,0.0015402070712298155,0.0011517632519826293,0.0008205570629797876,0,0,0,0,0,0
"Dude, I taught a literacy-based lesson on the ancient history of Halloween (ancient history SS teacher) and got a two-page email from my administrator about how it was ""inappropriate"" for me as a ""PLC leader"" to get off the pacing guide (which we are ahead of) and not sharing that lesson with my SS team (I offered, but the other two teams had an event day that we did last week). I didn't even talk about human sacrifices!!!!",yellow,0.6982637884328141,0.9975196977611631,0.0,Repeated punctuation.,0.0024803022388368845,9.887807391351089e-05,0.00031575883622281253,0.00010696240497054532,0.00023753878485877067,0.0001529496512375772,0,0,0,0,0,0
Usually holiday parties are either an all yes or an all no thing in every district I‚Äôve worked in.,yellow,0.6995581550872885,0.9993687929818407,0.0,,0.0006312070181593299,0.000117738418339286,0.00017605771427042782,0.0001219003097503446,0.00017571794160176069,0.00013905807281844318,0,0,0,0,0,0
"Doing a craft is learning. Learning to cut shapes, learning how to paste without getting glue everywhere, learning creative things is learning!

Maybe the movie was an issue? But even so - we.used to watch movies in class on days like that too - full length movies! We used to do it and we came out fine. This sounds silly. What are you gonna break up a movie into 3 parts on 3 different days just to get through a 90 minute film? 

Ridiculous and I'm sorry you have to deal with that non-sense. Maybe the policy can be changed so that ""with approval"" a longer party can be hosted?",yellow,0.6959524332545697,0.9942177617922425,0.0,,0.005782238207757473,8.933545177569613e-05,0.00031665482674725354,0.0001255188399227336,0.00034728884929791093,0.00020218148711137474,0,0,0,0,0,0
Real estate,yellow,0.6994119425537064,0.9991599179338664,0.0,,0.0008400820661336184,0.00011051681940443814,0.00019840258755721152,0.00010665960144251585,0.00018364915740676224,0.0001420049520675093,0,0,0,0,0,0
"A solid chunk of my adulthood is catching up on the events I‚Äôd missed because I was too busy trying to juggle being social and school stuff. 

Like, what do you mean Superbad was a good movie?",yellow,0.6995609813078771,0.9993728304398246,0.0,,0.000627169560175389,0.00012131008406868204,0.0001773273543221876,0.00012822418648283929,0.00018207053653895855,0.00013995158951729536,0,0,0,0,0,0
"I had a coteacher yesterday ask me to create a fun halloween activity for our 7th graders. So I used my entire plan time to create a reading comprehension escape room. After I sent it to her she decided that only students who had no missing work would get to participate. Literally every student has missing assignments or an assignment that needed to be redone. So instead of doing a fun activity, we all sat in silence doing the same thing we do everyday. 

I made a point to tell her that this is one of the reasons kids hate school as they get older.",yellow,0.6943026724271476,0.9918609606102109,0.0,,0.008139039389789104,0.00010767373169073835,0.00031777253025211394,0.00013768508506473154,0.0006215347093529999,0.00031058178865350783,0,0,0,0,0,0
"Admin had to know if you had parents in the room. 

If they didn‚Äôt know that there were parents in your room, that is objectively 10x more offensive than giving five year olds a Halloween party",yellow,0.6099448889493941,0.8713498413562775,0.0,,0.12865015864372253,0.00018172021373175085,0.0015069333603605628,0.0003176204627379775,0.011767197400331497,0.0009640587959438562,0,0,0,0,0,0
"During remote learning on Halloween 2021 I was shocked to see my principal requesting access to join my kindergarten Zoom class. He stayed for 40 minutes!!! We were doing all fun Halloween activities, too!",yellow,0.6992912393878213,0.9989874848397449,0.0,Repeated punctuation.,0.001012515160255134,0.00010131323506357148,0.00017233197286259383,0.00011966347665293142,0.0001935766194947064,0.00013776349078398198,0,0,0,0,0,0
Why ask parents? You're the teacher.,yellow,0.6822568783536553,0.9746526833623648,0.0,,0.02534731663763523,9.415271779289469e-05,0.0004923454253003001,0.00017990154447034,0.001200327300466597,0.0002967484761029482,0,0,0,0,0,0
Come to my school. We worked hard M - R just so we could party like sugared up meerkats all day Friday. Plus we had a fire drill.,yellow,0.6883746230974793,0.9833923187106848,0.0,,0.016607681289315224,0.0001246448082383722,0.0008614844991825521,0.00020015350310131907,0.0007478718762286007,0.0002620039158500731,0,0,0,0,0,0
"I teach K and yesterday we did no curriculum, all Halloween activities. Creepy carrot craft-worked on fine motor skills. Room on the broom sequencing activity and writing/drawing extension-connecting to the text and comprehension. Math was roll a pumpkin # with a dice and bracelet making with a pattern. The students had fun and didn‚Äôt even realize they were learning. What your are describing is so dumb but I‚Äôve been there and it corrodes a teachers love of the job.",yellow,0.6830678453668951,0.9758112076669931,0.0,,0.02418879233300686,0.00011028121662093326,0.0008646506466902792,0.0002018365339608863,0.0014010618906468153,0.00030282296938821673,0,0,0,0,0,0
Try that in HS,yellow,0.6984626135788857,0.9978037336841226,0.0,,0.0021962663158774376,9.196757309837267e-05,0.00019785587210208178,0.00011230561358388513,0.00022860888566356152,0.00016249436885118484,0,0,0,0,0,0
"Much of this comes from the late 90's early 2000's charter movement (at least where I live) with the idea of tea her accountability and no longer having to deal with a school board, but rather a board of investors. There is an inherent mistranslation between the language of the business world and the ""developing a functioning and solid human (i.e. teaching) world. 

The time of your employees and the customer  worth money. Our kids are worth money. Therefore the time developing them into test score maximized zombies is money. Why give a shit about a 10 year old in 8 years if you can pull your company's funding in 3?

Essentially, applying the capitalist/factory mindset to the classroom.",red,0.3937346458435058,0.5624780654907227,0.0,,0.43752193450927734,0.002615726087242365,0.39948007464408875,0.0007657511159777641,0.05456355959177017,0.00210084137506783,0,0,0,0,0,0
"Don't worry, they are holding on to the last bit of control to fake power structure/hierarchy they have left. But it isn't going to last long lol. These kids benefit more from creativity, play and connection than learning what AI is already rapidly learning to do flawlessly. We are supposed to be having fun, not slaves to systems of hierarchy. The jobs of the future will be bio-ethics, human hands participating in land cultivation and resource expansion using AI algorithms. And humans managing AI who have been chosen for innately having bio-ethical morality. This is the future. My favorite teacher who made a lasting impression on me allowed us to memorize a play in spanish (a second language) and then perform it for our parents. That was the only memory I have that I wasn't afraid to perform. I was proud of myself and empowered. That experience was what school is supposed to be. Teachers who have creative freedom in how they teach, and children who get to learn by doing and participating.",yellow,0.6983250961871817,0.9976072802674025,0.0,,0.0023927197325974703,9.025809413287789e-05,0.00019157995120622218,0.00011416798952268437,0.0002540105488151312,0.00018212749273516238,0,0,0,0,0,0
"We were recently told that admin and district staff were in our rooms not because we aren‚Äôt good teachers, but because they want to make us even better.",yellow,0.6995228245388716,0.9993183207698166,0.0,,0.000681679230183363,0.00011769228876801208,0.00016332650557160378,0.00012812761997338384,0.000191334038390778,0.0001447822869522497,0,0,0,0,0,0
ü´©,yellow,0.6963385226204991,0.9947693180292845,0.0,,0.005230681970715523,0.00010386243229731917,0.00037949197576381266,0.00011249703675275669,0.0002816009509842843,0.00017145034507848322,0,0,0,0,0,0
Depends on your school! Our whole school did crafts and Halloween parties throughout the whole day. I think it's great to let kids have fun and experience fun in school as well.,yellow,0.6992214960395358,0.9988878514850512,0.0,,0.0011121485149487853,0.00010180850222241133,0.000161972435307689,0.00011764538066927344,0.00020206529006827623,0.00015080145385582,0,0,0,0,0,0
"You guys WERE learning.¬† Rephrase things,¬† you weren't watching a movie.. the kids were learning how to pay attention during a long presentation and also learning how to handle judgment when judgment shouldn't be given",yellow,0.6994142215233295,0.9991631736047566,0.0,,0.0008368263952434063,0.00010905444651143625,0.00016534695168957114,0.00012263597454875708,0.00019060696649830788,0.00014330126577988267,0,0,0,0,0,0
"Just nod and or don‚Äôt advertise. At the end of the day the team lead is a worker on the same level as you, not your boss",yellow,0.6989799704053439,0.998542814864777,0.0,,0.0014571851352229714,9.341162513010204e-05,0.00017996002861764282,0.00011732777784345672,0.00023464448167942464,0.00014486252621281892,0,0,0,0,0,0
This is why I ‚Äúteach‚Äù PE,yellow,0.6762931328266859,0.9661330468952656,0.0,,0.03386695310473442,0.00012593460269272327,0.0009468293865211308,0.00015449665079358965,0.0012873226078227162,0.0004285808536224067,0,0,0,0,0,0
"The last hour is fine! You made sure all other lessons were taught beforehand. There is nothing wrong with scheduling some fun and creative activities to promote social relationships, build some fine motor skills and develop home-school partnerships. You can definitely buzzword explain it if you need to. If it was everyday then there would be issues. The students would have already been so excited for Halloween that trying to get through normal curriculum pacing would have been frustrating.",yellow,0.6995662066154181,0.9993802951648831,0.0,,0.0006197048351168633,0.00012358617095742375,0.00017022488464135677,0.00013244739966467023,0.0001836955634644255,0.00014379799540620297,0,0,0,0,0,0
"I think it comes from the fact that this job has a ‚Äúsnapshot‚Äù effect with higher ups. Unlike an office job where you can see your subordinates‚Äô work ethic, style, etc., in education it‚Äôs data or a walkthrough. Not every class has data or even the data can tell the whole story. So they rely on an observation. But‚Ä¶that snapshot had a lot of factors. Some teachers do a whole dog/pony show or are pals with admin so they get ‚ÄúHighly Effective‚Äù. Others aren‚Äôt so lucky ‚Äî one year I got dinged because admin came during the middle of an exam and didn‚Äôt ‚Äúsee much activity‚Äù. When I explained, he back peddled but the damage was done. 

He wanted to see ‚Äúproduction‚Äù. He didn‚Äôt bother noticing that students were doing an exam, working out problems, formula sheets, student-crafted study guides, etc. nope. He just wanted to check off boxes.",yellow,0.6991989064030348,0.9988555805757642,0.0,,0.0011444194242358208,9.948543447535485e-05,0.0002049889153568074,9.928651707014069e-05,0.00021230557467788458,0.00013593661424238235,0,0,0,0,0,0
"Part of the whole lesson plan for primary school is teaching empathy, socialization, etc. some administrators seem to forget that. There was real educational value in what you did.¬†",yellow,0.6995444414613302,0.9993492020876147,0.0,,0.0006507979123853147,0.00011763820657506585,0.0001722619927022606,0.00012261657684575766,0.0001841051853261888,0.00013978702190797776,0,0,0,0,0,0
Because most administrators have no critical thinking skills. They can‚Äôt understand that a few hours of fun in the classroom ‚â† children being ruined for life academically. They see things in black and white terms. Most admin are failed educators at best.,yellow,0.6833413569256663,0.9762019384652376,0.0,,0.023798061534762383,0.00011260671453783289,0.0003861072182189673,0.00015809682372491807,0.0015684047248214483,0.0006962458719499409,0,0,0,0,0,0
I'm a parent and I think you are right on cue!!! Your instincts are great and I for one would love to have my kids taught by someone like you who makes wise decisions that support the whole child. Thank you ‚ù§Ô∏è,yellow,0.6992584646330214,0.9989406637614593,0.0,Repeated punctuation.,0.001059336238540709,0.00010902096255449578,0.00017526780720800161,0.00015134540444705635,0.00020079518435522914,0.0001476771431043744,0,0,0,0,0,0
"Not to mention, this kind of thing can be great for class bonding/climate which can make the instruction on future days be more efficient and fruitful! When everything has to cause immediate gains, we lose out on getting to use all the long term strategies and the results really suffer!",yellow,0.6973782753339037,0.9962546790484339,0.0,,0.0037453209515661,8.534560038242489e-05,0.0002394876501057297,0.00012280097871553153,0.0002824511320795864,0.0001730885123834014,0,0,0,0,0,0
"This is crazy. My kids K class did nothing instructional at all yesterday. It was party at 9am, recess 10-10:30, a 30 minute show while they ate their party snacks, then a parade, then early release before lunch. I feel like the school just expects Halloween to be chaos.",yellow,0.6953003558795898,0.9932862226851285,0.0,,0.00671377731487155,0.00010804513294715434,0.00041824590880423784,0.00013287736510392278,0.00038131605833768845,0.00022258839453570545,0,0,0,0,0,0
"We had a party first thing because the parade was an hour after school started. Afterwards, we watched a movie, had lunch in the class while finishing the movie and played Halloween bingo. Great day!",yellow,0.6994058851443696,0.9991512644919567,0.0,,0.000848735508043319,0.00011127692414447665,0.0001764358312357217,0.00011994039232376963,0.0001863923971541226,0.00014302456111181527,0,0,0,0,0,0
Are your students having fun with fidelity?,yellow,0.6993558491871226,0.9990797845530324,0.0,,0.0009202154469676316,0.00010399999882793054,0.00016146279813256115,0.00011876338248839602,0.0001877426402643323,0.00014291575644165277,0,0,0,0,0,0
I‚Äôve never been more tired of a word than fidelity and internalization. üò≠,yellow,0.6993387792434077,0.999055398919154,0.0,,0.0009446010808460414,0.00010566921264398843,0.00017566097085364163,0.00010982638195855543,0.0001738696009851992,0.00014561423449777067,0,0,0,0,0,0
instant reprimand for not at least attempting to teach the days topic.,yellow,0.6981732233893125,0.9973903191275895,0.0,,0.002609680872410536,9.157901513390243e-05,0.0002469430910423398,0.00011007256398443133,0.000227196462219581,0.00016843098273966461,0,0,0,0,0,0
My district encourages Halloween parties... Maybe fire up the resume and look for an easier going school.,yellow,0.6992938450537621,0.9989912072196603,0.0,Repeated punctuation.,0.0010087927803397179,0.00010696749814087525,0.00015973270637914538,0.00012746980064548552,0.00019921996863558888,0.0001590032916283235,0,0,0,0,0,0
I recall elementary school parties being 2-3 hours,yellow,0.699570778774796,0.9993868268211372,0.0,,0.0006131731788627803,0.00012049006181769073,0.0001762501779012382,0.00012510825763456523,0.00017816883337218314,0.00013976820628158748,0,0,0,0,0,0
Literally same!,yellow,0.6992945524747483,0.9989922178210691,0.0,,0.0010077821789309382,0.00010228961036773399,0.0001925527467392385,0.00010178182128584012,0.00018304481636732817,0.0001387149386573583,0,0,0,0,0,0
Tell your administration the party is instruction on the cultural norms of the society in which we live. They are important for social cohesion.,yellow,0.6996182648465037,0.9994546640664339,0.0,,0.0005453359335660934,0.0001310819061473012,0.00018218568584416062,0.0001367594813928008,0.0001774173288140446,0.0001434627192793414,0,0,0,0,0,0
"Thankfully, I have never worked for admin like that. I‚Äôve worked at both elementary and middle school and I‚Äôve had days where we don‚Äôt do a whole lot of instruction. It‚Äôs nice to have a break from time to time, to have fun with the kids.",yellow,0.6995061321009416,0.9992944744299166,0.0,,0.0007055255700834095,0.00011517528764670715,0.00017653964459896088,0.00012018621055176482,0.00018300239753443748,0.00013860625040251762,0,0,0,0,0,0
"Depending on the grade level, but the ratio of work to fun days should be 4:1 or 3:2 for younger kids. School is work but there has to be a good ratio of fun times with actual schoolwork that is mentally taxing.¬†",yellow,0.6991118557285517,0.9987312224693596,0.0,,0.0012687775306403637,9.763306297827512e-05,0.00016891249106265604,0.0001018952316371724,0.00023215608962345868,0.0001606399891898036,0,0,0,0,0,0
"When I taught kindergarten last year, we had gotten back from a field trip an hour before dismissal. I heard other teachers were getting in trouble for letting them play with legos or watch an episode of Wild Kratts. For once in my life I was actually doing something good by making them write a sentence about where we went üòÜ",yellow,0.6970508545637131,0.9957869350910187,0.0,,0.004213064908981323,9.430330828763545e-05,0.0003299724485259503,9.996815788326785e-05,0.0003459757717791945,0.00017707997176330537,0,0,0,0,0,0
"Learning is important and it's work for students and teachers.  It can be fun, but that's not why we do it.  If you don't think that learning is the goal 100% then why are you in teaching?",yellow,0.6995315611595287,0.9993308016564697,0.0,,0.0006691983435302973,0.00011787479161284864,0.00017004254914354533,0.00012408435577526689,0.00017757335444912314,0.00014356043539009988,0,0,0,0,0,0
"I'm convinced most admin do walkthroughs on days like that just to ""catch"" teachers who dare to make school a positive experience beyond regular lessons.",yellow,0.6979406892787665,0.997058127541095,0.0,,0.0029418724589049816,8.483660349156708e-05,0.0002224575000582263,0.0001013973233057186,0.0003183061780873686,0.0001639206166146323,0,0,0,0,0,0
Because in reality they are not about education but about looking like they are about education.,yellow,0.6993366012815385,0.9990522875450552,0.0,,0.000947712454944849,0.00010592687613097951,0.00016546806728001684,0.00010803554323501885,0.00019430687825661153,0.0001493729359935969,0,0,0,0,0,0
"I was a secondary science teacher when the European Space agency landed a space probe on a comet. I taught everything from 6th to physical science to biology and had All my classes watch the landing and videos of the scientists celebrating/giving speeches the day it happened. It was a big deal; for me, as big as the moon landing. 


My principal criticized that while it was appropriate for the physical science and young classes, they didn't see how it fit the biological science curriculums. üôÑ

Sure, let's avoid inspiration if it doesn't fit the curriculum for one day.

This was the start of my jadedness in education.",yellow,0.6995694929326418,0.9993849899037741,0.0,,0.0006150100962258875,0.0001245277962880209,0.00017981973360292614,0.00012526725186035037,0.00017924403073266149,0.00014608778292313218,0,0,0,0,0,0
So you can further push the government stats quo of brainwashing the children into becoming workers instead of free thinkers,yellow,0.6922281323932111,0.9888973319903016,0.0,,0.011102668009698391,9.281210805056617e-05,0.00024414388462901115,0.00014949218893889338,0.0006143914069980383,0.0003879043215420097,0,0,0,0,0,0
"When I was a kid we earned extra recess, movies, popcorn parties, etc. Kids need to be kids.",yellow,0.6990224046632647,0.9986034352332354,0.0,,0.0013965647667646408,9.743756527313963e-05,0.00017241037858184427,0.00010130415466846898,0.00021040542924311012,0.00015376870578620583,0,0,0,0,0,0
The obsession comes from psychos that are still high off of their own success after graduating from an Ed.D mill and getting into administration.,yellow,0.585198849439621,0.8359983563423157,0.0,,0.16400164365768433,0.0003007275809068233,0.005104053765535355,0.00024052269873209298,0.022721435874700546,0.0011292245471850038,0,0,0,0,0,0
I teach kindergarten in China where fun is curated and the joy doesn't matter,yellow,0.6991681433282793,0.9988116333261132,0.0,,0.001188366673886776,9.789242903934792e-05,0.00016831973334774375,0.00010381312313256785,0.00018929496582131833,0.00015538945444859564,0,0,0,0,0,0
"They are kindergarteners.  Tell your ‚Äúlead‚Äù they can shove it up their ass and if the principal has a problem with it, I‚Äôm sure they will tell you directly.",red,0.10327823162078857,0.14754033088684082,0.0,,0.8524596691131592,0.013052614405751228,0.6720675826072693,0.00208009360358119,0.49398893117904663,0.01512595359236002,1,0,1,0,0,0
"It's because students aren't meeting standards. This is of course because the standards aren't developmentally appropriate but that's not relevant to admin and higher. There is a belief that if we just teach enough, students will be ready to understand things that their brain is not ready for",yellow,0.6964977196417749,0.9949967423453927,0.0,,0.005003257654607296,8.78929567988962e-05,0.00024224321532528847,0.00010624917194945738,0.00041316659189760685,0.0002201869065174833,0,0,0,0,0,0
"I‚Äôm in high school, so maybe that‚Äôs why I feel differently, but I know I find it pretty frustrating when my colleagues decide their class is going to have a ‚Äúfun day‚Äù for their classes that day because I have kids that then try to get out of my class to go hang out and have more ‚Äúfun day‚Äù in the other classroom. I‚Äôm not against doing fun things or even having breaks from lessons and whatnot, but I also think a specific policy about how much time is allotted to something like that keeps things consistent and prevents things like ‚Äúwell THAT class got to have a party and we didn‚Äôt‚Äù among parents and kids. As someone else mentioned, it seems like some activities could also have been tied into your standards and learning targets at that level, which means you could have had halloween theme all day and just did the exclusively ‚Äúparty‚Äù part the last 20-30 minutes. Not to mention learning and lessons can also be fun? Ultimately the kids are at school to learn and our job is to teach them, and from a legal/admin standpoint, schools are bound to a certain number of instructional minutes. 

In no way am I trying to say you are doing this all the time or way out of line, but not having a policy could mean too much time being used for parties rather than learning and call into question if your working hours are being used approriately.",yellow,0.6994971829932183,0.9992816899903119,0.0,,0.000718310009688139,0.00011656745482468978,0.00018440157873556018,0.00011748965334845707,0.0001823410566430539,0.00014114299847278744,0,0,0,0,0,0
"I taught HS for over 20 years and I never once cared what other teachers were doing. I had days, being a History teacher, where we could watch a cool movie that ties into the curriculum‚Ä¶the beauty of being a teacher is to have some freedom to do what you want in the classroom and if other teachers want to have fun days, fine by me",yellow,0.6991293103084899,0.9987561575835571,0.0,,0.0012438424164429307,9.801478154258803e-05,0.00018953155085910112,0.00010527796985115856,0.00019641249673441052,0.00014548184117302299,0,0,0,0,0,0
"I also do fun things in class from time to time and generally don‚Äôt care how other teachers are using their time. I feel perfectly comfortable handling classroom management and discipline in my own room. I do think it‚Äôs an issue when that freedom is abused though. When one teacher decides to have a bean bags tournament for the entire week instead of regular curriculum, and tells the kids they can come out of other classes to do it all day if they want and their teacher lets them, it starts to affect the way my students expect they can behave. 

For elementary, if one kingergarten teacher lets them party all day, and the other 2-3 don‚Äôt have a party, it does set up those other classes to be pitted against each other. In my district, if 2nd grade is going to do a halloween party, all of the 2nd grade does it, not just one teacher.",yellow,0.6992230326286517,0.9988900466123596,0.0,,0.0011099533876404166,0.00010196006041951478,0.00017703574849292636,0.00011521087435539812,0.00019334087846800685,0.0001512102608103305,0,0,0,0,0,0
"That just sounds like a discipline issue your school has if kids cut class and then go to another‚Äôs teacher‚Äôs class to eat snacks, watch a movie, listen to music, etc. But I will admit I‚Äôve never had a class bigger than 32 or 120 total students (and I hated it). If each teacher at your school has 200+ total students and class sizes of 35+ I could see how it could maybe be confusing.",yellow,0.6993684158718678,0.9990977369598113,0.0,,0.0009022630401887,0.00010462615318829194,0.00016556496848352253,0.00011231846292503178,0.00018941881717182696,0.00014221594028640538,0,0,0,0,0,0
"You're absolutely right. It's frustrating when kids are in party mode, especially when admin frowns on it. Because of admin stance, I've told my students that we will never have a party in my class, but if they keep their grades up, I will frequently allow them to have ""free time with snacks"".  

Seriously, though, even high school kids need to let loose sometimes too. An occasional class period of ""free time with snacks"" goes a long way towards easing up on some of the stress that the daily curriculum push puts them under. As far as other teachers partying, that's not an issue unless you make it one. If students are allowed to let loose in one class, then at least they have a chance to get it out of their system before they come to yours. Yeah, it sometimes takes some additional classroom management skills to settle them, but they are perfectly capable of settling down and learning in your classroom despite what happened earlier in the day. If they don't, you use all the same classroom management strategies that you would use on any other day.",yellow,0.6995477163291071,0.9993538804701529,0.0,,0.0006461195298470557,0.00011743702634703368,0.00017139199189841747,0.00012015103129670024,0.00017887439753394574,0.00014123939035926014,0,0,0,0,0,0
">But let these kids have SOME fun! Is that so wrong?

Is instructional time in your classroom not *some* fun? Not at all??

And from your own telling of the story, the issue is clearly not a matter of completely banning any ""fun"" party time. ""20-30 minutes"" would have been completely fine, according to you.

Obviously, closing the textbooks and going off-script isn't necessarily bad. Kids need breaks and some variety just as much as they need discipline and structure. *Some* party time is obviously good, but someone has to draw the line because time is preciously scarce. Your post is just complaining that you wanted to take away an extra hour on the curriculum without any negative feedback. Is that single anecdotal hour going to make a difference in the long long run? Probably not. But I've rarely seen teachers complaining that incoming students got *too much* curriculum instruction from their prior classrooms. The shortfalls add up, no matter how excusable they may be on a daily basis.",yellow,0.6946497342549264,0.9923567632213235,0.0,,0.00764323677867651,9.086684440262616e-05,0.0003813046496361494,0.0001326696074102074,0.0004141265817452222,0.00020396322361193597,0,0,0,0,0,0
"This kind of thing is one of the reasons I homeschooled my own children.

Also, my walkthrough was the last 45 minutes of the day the Friday before a weeklong Fall Break. I'm still afraid to read what it says.",yellow,0.6988663725787774,0.9983805322553962,0.0,,0.001619467744603753,9.677465277491137e-05,0.00019874073041137308,0.00010608821321511641,0.00022144698596093804,0.00015713645552750677,0,0,0,0,0,0
"I believe school should be only a few hours a day, especially the younger kids and the rest should be play, organized play, but that‚Äôs how you build connections/relationships and social awareness. Sitting at a desk listening to an adult literally does 0 of those things.",yellow,0.699352481419919,0.9990749734570272,0.0,,0.0009250265429727733,0.00011014563642675057,0.0001601545518497005,0.00012024823081446812,0.0002051122864941135,0.00015926868945825845,0,0,0,0,0,0
"I think there's a tragic reality for students who rely on the school system for an academic education that we shouldn't wave away. These are students whose parents don't or can't read to them, don't have family historical and political discussions around the dinner table, don't go to museums on the weekend, don't go to robotics summer camp in the summer, whose parents don't make them watch educational programming on the TV etc. etc. Kids who don't have those things *rely* on every minute of instructional time to make the necessary and essential progress in their academic performance. Is this a cheery thought? No. But it's reality. And for these students every minute matters. 

And honestly, kids are in school 8 hours per day 170 days per year. That's actually just ~15% of their time. And is it really such a terrible thing that kids spend 15% of their really focused on essential academic growth? Like I say, for our students who *rely* on school to make academic growth every minute matters. 

Brought to you by Eeyore the teacher.",yellow,0.6992628443520515,0.9989469205029309,0.0,,0.0010530794970691204,0.00010235967056360096,0.00015332814655266702,0.00011952765635214746,0.00020606497128028423,0.0001558097719680518,0,0,0,0,0,0
*Why do I have to do what I'm being paid to do?*,yellow,0.6961271516513079,0.9944673595018685,0.0,,0.005532640498131514,9.763567504705861e-05,0.00036827914300374687,0.00012574740685522556,0.0002734032168518752,0.00018492450180929154,0,0,0,0,0,0
I am glad I didn‚Äôt have you as a teacher,yellow,0.6937844585627317,0.9911206550896168,0.0,,0.008879344910383224,8.692457777215168e-05,0.0003160522028338164,0.0001346963836112991,0.0004854091093875468,0.00022366295161191374,0,0,0,0,0,0
"Ah, yes. A pretty typical and lame response.

Glad you weren't a student of mine.",yellow,0.6321386702358722,0.9030552431941032,0.0,,0.09694475680589676,0.00015754843479953706,0.002219376154243946,0.00024791646865196526,0.008693037554621696,0.00043850287329405546,0,0,0,0,0,0
You‚Äôre a grown ass man or woman. Glad you were never my colleague. Relax a bit dude,red,0.024702292680740354,0.035288989543914795,0.0,,0.9647110104560852,0.02800874598324299,0.839008629322052,0.0009050717344507575,0.8522719144821167,0.00990070030093193,1,0,1,0,1,0
"Pretty sure they were doing their job. Crafts is teaching. Allowing the students to interact with each other in a more informal manner is teaching social skills. Not sure what point you‚Äôre trying to make here. They are in kindergarten. 

You ok? Sounds like you need a mental health day.",yellow,0.6110912457108497,0.8729874938726425,0.0,,0.12701250612735748,0.0002455826906953007,0.0019365132320672274,0.0004243169096298516,0.016445523127913475,0.0022416464053094387,0,0,0,0,0,0
